,,,,,,,,,,,
编码,品名,材料牌号,材料标准,规格标准,RCC-M,质保等级,公称直径,单位,单重,单重单位,备注
SBN00100,1型六角螺母,12Cr13,CP05T3035,GB/T 6170-2015,RCC-M 1,QA1,M14,个,,Kg,
SBN00101,1型六角螺母,12Cr13,CP05T3035,GB/T 6170-2015,RCC-M 1,QA1,M16,个,,Kg,
SBN00102,1型六角螺母,12Cr13,CP05T3035,GB/T 6170-2015,RCC-M 1,QA1,M20,个,,Kg,
SBN00103,1型六角螺母,12Cr13,CP05T3035,GB/T 6170-2015,RCC-M 1,QA1,M24,个,,Kg,
SBN00104,1型六角螺母,12Cr13,CP05T3035,GB/T 6170-2015,RCC-M 1,QA1,M27,个,,Kg,
SBN00105,1型六角螺母,12Cr13,CP05T3035,GB/T 6170-2015,RCC-M 1,QA1,M30,个,,Kg,
SBN00106,1型六角螺母,12Cr13,CP05T3035,GB/T 6170-2015,RCC-M 1,QA1,M33,个,,Kg,
SBN00107,1型六角螺母,12Cr13,CP05T3035,GB/T 6170-2015,RCC-M 1,QA1,M36,个,,Kg,
SBN00108,1型六角螺母,12Cr13,CP05T3035,GB/T 6170-2015,RCC-M 1,QA1,M39,个,,Kg,
SBN00109,1型六角螺母,12Cr13,CP05T3035,GB/T 6170-2015,RCC-M 1,QA1,M42,个,,Kg,
SBN00110,1型六角螺母,12Cr13,CP05T3035,GB/T 6170-2015,RCC-M 1,QA1,M45,个,,Kg,
SBN00111,1型六角螺母,12Cr13,CP05T3035,GB/T 6170-2015,RCC-M 1,QA1,M48,个,,Kg,
SBN00112,1型六角螺母,12Cr13,CP05T3035,GB/T 6170-2015,RCC-M 1,QA1,M52,个,,Kg,
SBN00113,1型六角螺母,12Cr13,CP05T3035,GB/T 6170-2015,RCC-M 1,QA1,M56,个,,Kg,
SBN00114,1型六角螺母,12Cr13,CP05T3035,GB/T 6170-2015,RCC-M 1,QA1,M64,个,,Kg,
SBN00115,1型六角螺母,12Cr13,CP05T3035,GB/T 6170-2015,RCC-M 1,QA1,M70,个,,Kg,
SBN00116,1型六角螺母,12Cr13,CP05T3035,GB/T 6170-2015,RCC-M 1,QA1,M76,个,,Kg,
SBN00117,1型六角螺母,12Cr13,CP05T3035,GB/T 6170-2015,RCC-M 1,QA1,M90,个,,Kg,
SBN00118,1型六角螺母,12Cr13,CP05T3035,GB/T 6170-2015,RCC-M 2,QA1,M14,个,,Kg,
SBN00119,1型六角螺母,12Cr13,CP05T3035,GB/T 6170-2015,RCC-M 2,QA1,M16,个,,Kg,
SBN00120,1型六角螺母,12Cr13,CP05T3035,GB/T 6170-2015,RCC-M 2,QA1,M20,个,,Kg,
SBN00121,1型六角螺母,12Cr13,CP05T3035,GB/T 6170-2015,RCC-M 2,QA1,M24,个,,Kg,
SBN00122,1型六角螺母,12Cr13,CP05T3035,GB/T 6170-2015,RCC-M 2,QA1,M27,个,,Kg,
SBN00123,1型六角螺母,12Cr13,CP05T3035,GB/T 6170-2015,RCC-M 2,QA1,M30,个,,Kg,
SBN00124,1型六角螺母,12Cr13,CP05T3035,GB/T 6170-2015,RCC-M 2,QA1,M33,个,,Kg,
SBN00125,1型六角螺母,12Cr13,CP05T3035,GB/T 6170-2015,RCC-M 2,QA1,M36,个,,Kg,
SBN00126,1型六角螺母,12Cr13,CP05T3035,GB/T 6170-2015,RCC-M 2,QA1,M39,个,,Kg,
SBN00127,1型六角螺母,12Cr13,CP05T3035,GB/T 6170-2015,RCC-M 2,QA1,M42,个,,Kg,
SBN00128,1型六角螺母,12Cr13,CP05T3035,GB/T 6170-2015,RCC-M 2,QA1,M45,个,,Kg,
SBN00129,1型六角螺母,12Cr13,CP05T3035,GB/T 6170-2015,RCC-M 2,QA1,M48,个,,Kg,
SBN00130,1型六角螺母,12Cr13,CP05T3035,GB/T 6170-2015,RCC-M 2,QA1,M52,个,,Kg,
SBN00131,1型六角螺母,12Cr13,CP05T3035,GB/T 6170-2015,RCC-M 2,QA1,M56,个,,Kg,
SBN00132,1型六角螺母,12Cr13,CP05T3035,GB/T 6170-2015,RCC-M 2,QA1,M64,个,,Kg,
SBN00133,1型六角螺母,12Cr13,CP05T3035,GB/T 6170-2015,RCC-M 2,QA1,M70,个,,Kg,
SBN00134,1型六角螺母,12Cr13,CP05T3035,GB/T 6170-2015,RCC-M 2,QA1,M76,个,,Kg,
SBN00135,1型六角螺母,12Cr13,CP05T3035,GB/T 6170-2015,RCC-M 2,QA1,M90,个,,Kg,
SBN00136,1型六角螺母,12Cr13,CP05T3035,GB/T 6170-2015,RCC-M 3,QA2,M14,个,,Kg,
SBN00137,1型六角螺母,12Cr13,CP05T3035,GB/T 6170-2015,RCC-M 3,QA2,M16,个,,Kg,
SBN00138,1型六角螺母,12Cr13,CP05T3035,GB/T 6170-2015,RCC-M 3,QA2,M20,个,,Kg,
SBN00139,1型六角螺母,12Cr13,CP05T3035,GB/T 6170-2015,RCC-M 3,QA2,M24,个,,Kg,
SBN00140,1型六角螺母,12Cr13,CP05T3035,GB/T 6170-2015,RCC-M 3,QA2,M27,个,,Kg,
SBN00141,1型六角螺母,12Cr13,CP05T3035,GB/T 6170-2015,RCC-M 3,QA2,M30,个,,Kg,
SBN00142,1型六角螺母,12Cr13,CP05T3035,GB/T 6170-2015,RCC-M 3,QA2,M33,个,,Kg,
SBN00143,1型六角螺母,12Cr13,CP05T3035,GB/T 6170-2015,RCC-M 3,QA2,M36,个,,Kg,
SBN00144,1型六角螺母,12Cr13,CP05T3035,GB/T 6170-2015,RCC-M 3,QA2,M39,个,,Kg,
SBN00145,1型六角螺母,12Cr13,CP05T3035,GB/T 6170-2015,RCC-M 3,QA2,M42,个,,Kg,
SBN00146,1型六角螺母,12Cr13,CP05T3035,GB/T 6170-2015,RCC-M 3,QA2,M45,个,,Kg,
SBN00147,1型六角螺母,12Cr13,CP05T3035,GB/T 6170-2015,RCC-M 3,QA2,M48,个,,Kg,
SBN00148,1型六角螺母,12Cr13,CP05T3035,GB/T 6170-2015,RCC-M 3,QA2,M52,个,,Kg,
SBN00149,1型六角螺母,12Cr13,CP05T3035,GB/T 6170-2015,RCC-M 3,QA2,M56,个,,Kg,
SBN00150,1型六角螺母,12Cr13,CP05T3035,GB/T 6170-2015,RCC-M 3,QA2,M64,个,,Kg,
SBN00151,1型六角螺母,12Cr13,CP05T3035,GB/T 6170-2015,RCC-M 3,QA2,M70,个,,Kg,
SBN00152,1型六角螺母,12Cr13,CP05T3035,GB/T 6170-2015,RCC-M 3,QA2,M76,个,,Kg,
SBN00153,1型六角螺母,12Cr13,CP05T3035,GB/T 6170-2015,RCC-M 3,QA2,M90,个,,Kg,
SBN00154,1型六角螺母,12Cr13,CP05T3030,GB/T 6170-2015,NA,QNCa,M14,个,,Kg,
SBN00155,1型六角螺母,12Cr13,CP05T3030,GB/T 6170-2015,NA,QNCa,M16,个,,Kg,
SBN00156,1型六角螺母,12Cr13,CP05T3030,GB/T 6170-2015,NA,QNCa,M20,个,,Kg,
SBN00157,1型六角螺母,12Cr13,CP05T3030,GB/T 6170-2015,NA,QNCa,M24,个,,Kg,
SBN00158,1型六角螺母,12Cr13,CP05T3030,GB/T 6170-2015,NA,QNCa,M27,个,,Kg,
SBN00159,1型六角螺母,12Cr13,CP05T3030,GB/T 6170-2015,NA,QNCa,M30,个,,Kg,
SBN00160,1型六角螺母,12Cr13,CP05T3030,GB/T 6170-2015,NA,QNCa,M33,个,,Kg,
SBN00161,1型六角螺母,12Cr13,CP05T3030,GB/T 6170-2015,NA,QNCa,M36,个,,Kg,
SBN00162,1型六角螺母,12Cr13,CP05T3030,GB/T 6170-2015,NA,QNCa,M39,个,,Kg,
SBN00163,1型六角螺母,12Cr13,CP05T3030,GB/T 6170-2015,NA,QNCa,M42,个,,Kg,
SBN00164,1型六角螺母,12Cr13,CP05T3030,GB/T 6170-2015,NA,QNCa,M45,个,,Kg,
SBN00165,1型六角螺母,12Cr13,CP05T3030,GB/T 6170-2015,NA,QNCa,M48,个,,Kg,
SBN00166,1型六角螺母,12Cr13,CP05T3030,GB/T 6170-2015,NA,QNCa,M52,个,,Kg,
SBN00167,1型六角螺母,12Cr13,CP05T3030,GB/T 6170-2015,NA,QNCa,M56,个,,Kg,
SBN00168,1型六角螺母,12Cr13,CP05T3030,GB/T 6170-2015,NA,QNCa,M64,个,,Kg,
SBN00169,1型六角螺母,12Cr13,CP05T3030,GB/T 6170-2015,NA,QNCa,M70,个,,Kg,
SBN00170,1型六角螺母,12Cr13,CP05T3030,GB/T 6170-2015,NA,QNCa,M76,个,,Kg,
SBN00171,1型六角螺母,12Cr13,CP05T3030,GB/T 6170-2015,NA,QNCa,M90,个,,Kg,
SBN00172,1型六角螺母,45,CP05T3035,GB/T 6170-2015,RCC-M 2,QA1,M14,个,,Kg,
SBN00173,1型六角螺母,45,CP05T3035,GB/T 6170-2015,RCC-M 2,QA1,M16,个,,Kg,
SBN00174,1型六角螺母,45,CP05T3035,GB/T 6170-2015,RCC-M 2,QA1,M20,个,,Kg,
SBN00175,1型六角螺母,45,CP05T3035,GB/T 6170-2015,RCC-M 2,QA1,M24,个,,Kg,
SBN00176,1型六角螺母,45,CP05T3035,GB/T 6170-2015,RCC-M 2,QA1,M27,个,,Kg,
SBN00177,1型六角螺母,45,CP05T3035,GB/T 6170-2015,RCC-M 2,QA1,M30,个,,Kg,
SBN00178,1型六角螺母,45,CP05T3035,GB/T 6170-2015,RCC-M 2,QA1,M33,个,,Kg,
SBN00179,1型六角螺母,45,CP05T3035,GB/T 6170-2015,RCC-M 2,QA1,M36,个,,Kg,
SBN00180,1型六角螺母,45,CP05T3035,GB/T 6170-2015,RCC-M 2,QA1,M39,个,,Kg,
SBN00181,1型六角螺母,45,CP05T3035,GB/T 6170-2015,RCC-M 2,QA1,M42,个,,Kg,
SBN00182,1型六角螺母,45,CP05T3035,GB/T 6170-2015,RCC-M 2,QA1,M45,个,,Kg,
SBN00183,1型六角螺母,45,CP05T3035,GB/T 6170-2015,RCC-M 2,QA1,M48,个,,Kg,
SBN00184,1型六角螺母,45,CP05T3035,GB/T 6170-2015,RCC-M 2,QA1,M52,个,,Kg,
SBN00185,1型六角螺母,45,CP05T3035,GB/T 6170-2015,RCC-M 2,QA1,M56,个,,Kg,
SBN00186,1型六角螺母,45,CP05T3035,GB/T 6170-2015,RCC-M 2,QA1,M64,个,,Kg,
SBN00187,1型六角螺母,45,CP05T3035,GB/T 6170-2015,RCC-M 2,QA1,M70,个,,Kg,
SBN00188,1型六角螺母,45,CP05T3035,GB/T 6170-2015,RCC-M 2,QA1,M76,个,,Kg,
SBN00189,1型六角螺母,45,CP05T3035,GB/T 6170-2015,RCC-M 2,QA1,M90,个,,Kg,
SBN00190,1型六角螺母,45,CP05T3035,GB/T 6170-2015,RCC-M 3,QA2,M14,个,,Kg,
SBN00191,1型六角螺母,45,CP05T3035,GB/T 6170-2015,RCC-M 3,QA2,M16,个,,Kg,
SBN00192,1型六角螺母,45,CP05T3035,GB/T 6170-2015,RCC-M 3,QA2,M20,个,,Kg,
SBN00193,1型六角螺母,45,CP05T3035,GB/T 6170-2015,RCC-M 3,QA2,M24,个,,Kg,
SBN00194,1型六角螺母,45,CP05T3035,GB/T 6170-2015,RCC-M 3,QA2,M27,个,,Kg,
SBN00195,1型六角螺母,45,CP05T3035,GB/T 6170-2015,RCC-M 3,QA2,M30,个,,Kg,
SBN00196,1型六角螺母,45,CP05T3035,GB/T 6170-2015,RCC-M 3,QA2,M33,个,,Kg,
SBN00197,1型六角螺母,45,CP05T3035,GB/T 6170-2015,RCC-M 3,QA2,M36,个,,Kg,
SBN00198,1型六角螺母,45,CP05T3035,GB/T 6170-2015,RCC-M 3,QA2,M39,个,,Kg,
SBN00199,1型六角螺母,45,CP05T3035,GB/T 6170-2015,RCC-M 3,QA2,M42,个,,Kg,
SBN00200,1型六角螺母,45,CP05T3035,GB/T 6170-2015,RCC-M 3,QA2,M45,个,,Kg,
SBN00201,1型六角螺母,45,CP05T3035,GB/T 6170-2015,RCC-M 3,QA2,M48,个,,Kg,
SBN00202,1型六角螺母,45,CP05T3035,GB/T 6170-2015,RCC-M 3,QA2,M52,个,,Kg,
SBN00203,1型六角螺母,45,CP05T3035,GB/T 6170-2015,RCC-M 3,QA2,M56,个,,Kg,
SBN00204,1型六角螺母,45,CP05T3035,GB/T 6170-2015,RCC-M 3,QA2,M64,个,,Kg,
SBN00205,1型六角螺母,45,CP05T3035,GB/T 6170-2015,RCC-M 3,QA2,M70,个,,Kg,
SBN00206,1型六角螺母,45,CP05T3035,GB/T 6170-2015,RCC-M 3,QA2,M76,个,,Kg,
SBN00207,1型六角螺母,45,CP05T3035,GB/T 6170-2015,RCC-M 3,QA2,M90,个,,Kg,
SBN00208,1型六角螺母,45,CP05T3030,GB/T 6170-2015,NA,QNCa,M14,个,,Kg,
SBN00209,1型六角螺母,45,CP05T3030,GB/T 6170-2015,NA,QNCa,M16,个,,Kg,
SBN00210,1型六角螺母,45,CP05T3030,GB/T 6170-2015,NA,QNCa,M20,个,,Kg,
SBN00211,1型六角螺母,45,CP05T3030,GB/T 6170-2015,NA,QNCa,M24,个,,Kg,
SBN00212,1型六角螺母,45,CP05T3030,GB/T 6170-2015,NA,QNCa,M27,个,,Kg,
SBN00213,1型六角螺母,45,CP05T3030,GB/T 6170-2015,NA,QNCa,M30,个,,Kg,
SBN00214,1型六角螺母,45,CP05T3030,GB/T 6170-2015,NA,QNCa,M33,个,,Kg,
SBN00215,1型六角螺母,45,CP05T3030,GB/T 6170-2015,NA,QNCa,M36,个,,Kg,
SBN00216,1型六角螺母,45,CP05T3030,GB/T 6170-2015,NA,QNCa,M39,个,,Kg,
SBN00217,1型六角螺母,45,CP05T3030,GB/T 6170-2015,NA,QNCa,M42,个,,Kg,
SBN00218,1型六角螺母,45,CP05T3030,GB/T 6170-2015,NA,QNCa,M45,个,,Kg,
SBN00219,1型六角螺母,45,CP05T3030,GB/T 6170-2015,NA,QNCa,M48,个,,Kg,
SBN00220,1型六角螺母,45,CP05T3030,GB/T 6170-2015,NA,QNCa,M52,个,,Kg,
SBN00221,1型六角螺母,45,CP05T3030,GB/T 6170-2015,NA,QNCa,M56,个,,Kg,
SBN00222,1型六角螺母,45,CP05T3030,GB/T 6170-2015,NA,QNCa,M64,个,,Kg,
SBN00223,1型六角螺母,45,CP05T3030,GB/T 6170-2015,NA,QNCa,M70,个,,Kg,
SBN00224,1型六角螺母,45,CP05T3030,GB/T 6170-2015,NA,QNCa,M76,个,,Kg,
SBN00225,1型六角螺母,45,CP05T3030,GB/T 6170-2015,NA,QNCa,M90,个,,Kg,
SBN00226,六角薄螺母,5级,CP05T3040,GB/T 6172.1-2016,S1,QA3,M5,个,,Kg,
SBN00227,六角薄螺母,06Cr19Ni10,CP05T3040,GB/T 6172.1-2016,S1,QA3,M5,个,,Kg,
SBN00228,六角薄螺母,5级,CP05T3040,GB/T 6172.1-2016,S1,QA3,M6,个,,Kg,
SBN00229,六角薄螺母,06Cr19Ni10,CP05T3040,GB/T 6172.1-2016,S1,QA3,M6,个,,Kg,
SBN00230,六角薄螺母,5级,CP05T3040,GB/T 6172.1-2016,S1,QA3,M8,个,,Kg,
SBN00231,六角薄螺母,06Cr19Ni10,CP05T3040,GB/T 6172.1-2016,S1,QA3,M8,个,,Kg,
SBN00232,六角薄螺母,5级,CP05T3040,GB/T 6172.1-2016,S1,QA3,M10,个,,Kg,
SBN00233,六角薄螺母,06Cr19Ni10,CP05T3040,GB/T 6172.1-2016,S1,QA3,M10,个,,Kg,
SBN00234,六角薄螺母,5级,CP05T3040,GB/T 6172.1-2016,S1,QA3,M12,个,,Kg,
SBN00235,六角薄螺母,06Cr19Ni10,CP05T3040,GB/T 6172.1-2016,S1,QA3,M12,个,,Kg,
SBN00236,六角薄螺母,5级,CP05T3040,GB/T 6172.1-2016,S1,QA3,M14,个,,Kg,
SBN00237,六角薄螺母,06Cr19Ni10,CP05T3040,GB/T 6172.1-2016,S1,QA3,M14,个,,Kg,
SBN00239,六角薄螺母,5级,CP05T3040,GB/T 6172.1-2016,S1,QA3,M16,个,,Kg,
SBN00240,六角薄螺母,06Cr19Ni10,CP05T3040,GB/T 6172.1-2016,S1,QA3,M16,个,,Kg,
SBN00241,六角薄螺母,5级,CP05T3040,GB/T 6172.1-2016,S1,QA3,M18,个,,Kg,
SBN00242,六角薄螺母,06Cr19Ni10,CP05T3040,GB/T 6172.1-2016,S1,QA3,M18,个,,Kg,
SBN00243,六角薄螺母,5级,CP05T3040,GB/T 6172.1-2016,S1,QA3,M20,个,,Kg,
SBN00244,六角薄螺母,06Cr19Ni10,CP05T3040,GB/T 6172.1-2016,S1,QA3,M20,个,,Kg,
SBN00245,六角薄螺母,5级,CP05T3040,GB/T 6172.1-2016,S1,QA3,M22,个,,Kg,
SBN00246,六角薄螺母,06Cr19Ni10,CP05T3040,GB/T 6172.1-2016,S1,QA3,M22,个,,Kg,
SBN00247,六角薄螺母,5级,CP05T3040,GB/T 6172.1-2016,S1,QA3,M24,个,,Kg,
SBN00248,六角薄螺母,06Cr19Ni10,CP05T3040,GB/T 6172.1-2016,S1,QA3,M24,个,,Kg,
SBN00249,六角薄螺母,5级,CP05T3040,GB/T 6172.1-2016,S1,QA3,M27,个,,Kg,
SBN00250,六角薄螺母,06Cr19Ni10,CP05T3040,GB/T 6172.1-2016,S1,QA3,M27,个,,Kg,
SBN00251,六角薄螺母,5级,CP05T3040,GB/T 6172.1-2016,S1,QA3,M30,个,,Kg,
SBN00252,六角薄螺母,5级,CP05T3040,GB/T 6172.1-2016,S1,QA3,M33,个,,Kg,
SBN00253,六角薄螺母,06Cr19Ni10,CP05T3040,GB/T 6172.1-2016,S1,QA3,M33,个,,Kg,
SBN00254,六角薄螺母,5级,CP05T3040,GB/T 6172.1-2016,S1,QA3,M36,个,,Kg,
SBN00255,六角薄螺母,5级,CP05T3040,GB/T 6172.1-2016,S1,QA3,M42,个,,Kg,
SBN00256,六角薄螺母,5级,CP05T3040,GB/T 6172.1-2016,S1,QA3,M52,个,,Kg,
SBN00257,六角薄螺母,5级,CP05T3040,GB/T 6172.1-2016,S1,QA3,M60,个,,Kg,
SBN00258,六角薄螺母,5级,CP05T3040,GB/T 6172.1-2016,S1,QA3,M64,个,,Kg,
SBN00259,1型六角螺母,6级,CP05T3040,GB/T 6170-2015,S1,QA3,M6,个,,Kg,
SBN00260,1型六角螺母,06Cr19Ni10,CP05T3040,GB/T 6170-2015,S1,QA3,M6,个,,Kg,
SBN00261,1型六角螺母,6级,CP05T3040,GB/T 6170-2015,S1,QA3,M8,个,,Kg,
SBN00262,1型六角螺母,06Cr19Ni10,CP05T3040,GB/T 6170-2015,S1,QA3,M8,个,,Kg,
SBN00263,1型六角螺母,6级,CP05T3040,GB/T 6170-2015,S1,QA3,M10,个,,Kg,
SBN00264,1型六角螺母,06Cr19Ni10,CP05T3040,GB/T 6170-2015,S1,QA3,M10,个,,Kg,
SBN00265,1型六角螺母,6级,CP05T3040,GB/T 6170-2015,S1,QA3,M12,个,,Kg,
SBN00266,1型六角螺母,06Cr19Ni10,CP05T3040,GB/T 6170-2015,S1,QA3,M12,个,,Kg,
SBN00268,1型六角螺母,6级,CP05T3040,GB/T 6170-2015,S1,QA3,M14,个,,Kg,
SBN00269,1型六角螺母,6级,CP05T3040,GB/T 6170-2015,S1,QA3,M16,个,,Kg,
SBN00270,1型六角螺母,06Cr19Ni10,CP05T3040,GB/T 6170-2015,S1,QA3,M16,个,,Kg,
SBN00272,1型六角螺母,6级,CP05T3040,GB/T 6170-2015,S1,QA3,M18,个,,Kg,
SBN00273,1型六角螺母,6级,CP05T3040,GB/T 6170-2015,S1,QA3,M20,个,,Kg,
SBN00275,1型六角螺母,6级,CP05T3040,GB/T 6170-2015,S1,QA3,M22,个,,Kg,
SBN00276,1型六角螺母,6级,CP05T3040,GB/T 6170-2015,S1,QA3,M24,个,,Kg,
SBN00277,1型六角螺母,6级,CP05T3040,GB/T 6170-2015,S1,QA3,M27,个,,Kg,
SBN00278,1型六角螺母,6级,CP05T3040,GB/T 6170-2015,S1,QA3,M30,个,,Kg,
SBN00279,1型六角螺母,6级,CP05T3040,GB/T 6170-2015,S1,QA3,M33,个,,Kg,
SBN00280,1型六角螺母,6级,CP05T3040,GB/T 6170-2015,S1,QA3,M36,个,,Kg,
SBN00281,1型六角螺母,6级,CP05T3040,GB/T 6170-2015,S1,QA3,M42,个,,Kg,
SBN00282,1型六角螺母,6级,CP05T3040,GB/T 6170-2015,S1,QA3,M52,个,,Kg,
SBN00283,1型六角螺母,6级,CP05T3040,GB/T 6170-2015,S1,QA3,M60,个,,Kg,
SBN00284,1型六角螺母,6级,CP05T3040,GB/T 6170-2015,S1,QA3,M64,个,,Kg,
SBN00285,1型六角螺母(左螺纹),6级,CP05T3040,GB/T 6170-2015,S1,QA3,M10,个,,Kg,
SBN00286,1型六角螺母(左螺纹),6级,CP05T3040,GB/T 6170-2015,S1,QA3,M12,个,,Kg,
SBN00287,1型六角螺母(左螺纹),6级,CP05T3040,GB/T 6170-2015,S1,QA3,M16,个,,Kg,
SBN00288,1型六角螺母(左螺纹),6级,CP05T3040,GB/T 6170-2015,S1,QA3,M24,个,,Kg,
SBN00289,1型六角螺母(左螺纹),6级,CP05T3040,GB/T 6170-2015,S1,QA3,M42,个,,Kg,
SBN00290,1型六角螺母(左螺纹),6级,CP05T3040,GB/T 6170-2015,S1,QA3,M52,个,,Kg,
SBN00291,2型六角螺母,6级,CP05T3040,GB/T 6175-2000,S1,QA3,M8,个,,Kg,
SBN00292,2型六角螺母,6级,CP05T3040,GB/T 6175-2000,S1,QA3,M10,个,,Kg,
SBN00293,2型六角螺母,6级,CP05T3040,GB/T 6175-2000,S1,QA3,M12,个,,Kg,
SBN00294,2型六角螺母,6级,CP05T3040,GB/T 6175-2000,S1,QA3,M14,个,,Kg,
SBN00295,2型六角螺母,6级,CP05T3040,GB/T 6175-2000,S1,QA3,M24,个,,Kg,
SBN00296,2型六角螺母,6级,CP05T3040,GB/T 6175-2000,S1,QA3,M27,个,,Kg,
SBN00312,扣紧螺母,65Mn,CP05T3040,GB 805-1988,S1,QA3,M5,个,,Kg,
SBN00313,扣紧螺母,65Mn,CP05T3040,GB 805-1988,S1,QA3,M6,个,,Kg,
SBN00314,扣紧螺母,65Mn,CP05T3040,GB 805-1988,S1,QA3,M8,个,,Kg,
SBN00315,扣紧螺母,65Mn,CP05T3040,GB 805-1988,S1,QA3,M10,个,,Kg,
SBN00316,扣紧螺母,65Mn,CP05T3040,GB 805-1988,S1,QA3,M12,个,,Kg,
SBN00317,扣紧螺母,65Mn,CP05T3040,GB 805-1988,S1,QA3,M14,个,,Kg,
SBN00318,扣紧螺母,65Mn,CP05T3040,GB 805-1988,S1,QA3,M16,个,,Kg,
SBN00319,扣紧螺母,65Mn,CP05T3040,GB 805-1988,S1,QA3,M20,个,,Kg,
SBN00320,扣紧螺母,65Mn,CP05T3040,GB 805-1988,S1,QA3,M24,个,,Kg,
SBN00321,扣紧螺母,65Mn,CP05T3040,GB 805-1988,S1,QA3,M30,个,,Kg,
SBN00322,扣紧螺母,65Mn,CP05T3040,GB 805-1988,S1,QA3,M36,个,,Kg,
SBN00323,扣紧螺母,65Mn,CP05T3040,GB 805-1988,S1,QA3,M42,个,,Kg,
SBN00324,扣紧螺母,65Mn,CP05T3040,GB 805-1988,S1,QA3,M52,个,,Kg,
SBN00325,扣紧螺母,65Mn,CP05T3040,GB 805-1988,S1,QA3,M64,个,,Kg,
SBN00326,1型六角螺母,45,CP05T3030,GB/T 6170-2015,NA,QNCa,M12,个,,Kg,
SBN00327,六角薄螺母,A2-025,CP05T3040,GB/T 6172.1-2016,S1,QA3,M30,个,,Kg,
SBN00328,六角薄螺母,A2-025,CP05T3040,GB/T 6172.1-2016,S1,QA3,M36,个,,Kg,
SBN00329,六角薄螺母,A2-025,CP05T3040,GB/T 6172.1-2016,S1,QA3,M42,个,,Kg,
SBN00330,六角薄螺母,A2-025,CP05T3040,GB/T 6172.1-2016,S1,QA3,M52,个,,Kg,
SBN00331,六角薄螺母,A2-025,CP05T3040,GB/T 6172.1-2016,S1,QA3,M60,个,,Kg,
SBN00332,六角薄螺母,A2-025,CP05T3040,GB/T 6172.1-2016,S1,QA3,M64,个,,Kg,
SBN00333,1型六角螺母,A2-70,CP05T3040,GB/T 6170-2015,S1,QA3,M14,个,,Kg,
SBN00334,1型六角螺母,A2-70,CP05T3040,GB/T 6170-2015,S1,QA3,M18,个,,Kg,
SBN00335,1型六角螺母,A2-70,CP05T3040,GB/T 6170-2015,S1,QA3,M20,个,,Kg,
SBN00336,1型六角螺母,A2-70,CP05T3040,GB/T 6170-2015,S1,QA3,M22,个,,Kg,
SBN00337,1型六角螺母,A2-70,CP05T3040,GB/T 6170-2015,S1,QA3,M24,个,,Kg,
SBN00338,1型六角螺母,A2-50,CP05T3040,GB/T 6170-2015,S1,QA3,M27,个,,Kg,
SBN00339,1型六角螺母,A2-50,CP05T3040,GB/T 6170-2015,S1,QA3,M30,个,,Kg,
SBN00340,1型六角螺母,A2-50,CP05T3040,GB/T 6170-2015,S1,QA3,M33,个,,Kg,
SBN00341,1型六角螺母,A2-50,CP05T3040,GB/T 6170-2015,S1,QA3,M36,个,,Kg,
SBN00342,1型六角螺母,A2-50,CP05T3040,GB/T 6170-2015,S1,QA3,M42,个,,Kg,
SBN00343,1型六角螺母,A2-50,CP05T3040,GB/T 6170-2015,S1,QA3,M52,个,,Kg,
SBN00344,1型六角螺母,A2-50,CP05T3040,GB/T 6170-2015,S1,QA3,M60,个,,Kg,
SBN00345,1型六角螺母,A2-50,CP05T3040,GB/T 6170-2015,S1,QA3,M64,个,,Kg,
SBN00346,1型六角螺母,8级(镀锌钝化),,GB/T 6170-2015,NA,QNCa,M27,个,,Kg,
SBN00347,1型六角螺母,8级(镀锌钝化),,GB/T 6170-2015,NA,QNCa,M30,个,,Kg,
SBN00348,锁紧螺母,65Mn,CP05T3040,,S1,QA3,M33,个,,Kg,
SBN00349,锁紧螺母,65Mn,CP05T3040,,S1,QA3,M39,个,,Kg,
SBN00350,1型六角螺母,8级,CP05T3040,GB/T 6170-2015,S1,QA3,M6,个,,Kg,
SBN00351,1型六角螺母,8级,CP05T3040,GB/T 6170-2015,S1,QA3,M8,个,,Kg,
SBN00352,1型六角螺母,8级,CP05T3040,GB/T 6170-2015,S1,QA3,M10,个,,Kg,
SBN00353,1型六角螺母,8级,CP05T3040,GB/T 6170-2015,S1,QA3,M12,个,,Kg,
SBN00354,1型六角螺母,8级,CP05T3040,GB/T 6170-2015,S1,QA3,M14,个,,Kg,
SBN00355,1型六角螺母,8级,CP05T3040,GB/T 6170-2015,S1,QA3,M16,个,,Kg,
SBN00356,1型六角螺母,8级,CP05T3040,GB/T 6170-2015,S1,QA3,M18,个,,Kg,
SBN00357,1型六角螺母,8级,CP05T3040,GB/T 6170-2015,S1,QA3,M20,个,,Kg,
SBN00358,1型六角螺母,8级,CP05T3040,GB/T 6170-2015,S1,QA3,M22,个,,Kg,
SBN00359,1型六角螺母,8级,CP05T3040,GB/T 6170-2015,S1,QA3,M24,个,,Kg,
SBN00360,1型六角螺母,8级,CP05T3040,GB/T 6170-2015,S1,QA3,M27,个,,Kg,
SBN00361,1型六角螺母,8级,CP05T3040,GB/T 6170-2015,S1,QA3,M30,个,,Kg,
SBN00362,1型六角螺母,8级,CP05T3040,GB/T 6170-2015,S1,QA3,M33,个,,Kg,
SBN00363,1型六角螺母,8级,CP05T3040,GB/T 6170-2015,S1,QA3,M36,个,,Kg,
SBN00364,1型六角螺母,8级,CP05T3040,GB/T 6170-2015,S1,QA3,M42,个,,Kg,
SBN00365,1型六角螺母,8级,CP05T3040,GB/T 6170-2015,S1,QA3,M52,个,,Kg,
SBN00366,1型六角螺母,8级,CP05T3040,GB/T 6170-2015,S1,QA3,M60,个,,Kg,
SBN00367,1型六角螺母,8级,CP05T3040,GB/T 6170-2015,S1,QA3,M64,个,,Kg,
SBN00368,1型六角螺母(左螺纹),8级,CP05T3040,GB/T 6170-2015,S1,QA3,M10,个,,Kg,
SBN00369,1型六角螺母(左螺纹),8级,CP05T3040,GB/T 6170-2015,S1,QA3,M12,个,,Kg,
SBN00370,1型六角螺母(左螺纹),8级,CP05T3040,GB/T 6170-2015,S1,QA3,M16,个,,Kg,
SBN00371,1型六角螺母(左螺纹),8级,CP05T3040,GB/T 6170-2015,S1,QA3,M24,个,,Kg,
SBN00372,1型六角螺母(左螺纹),8级,CP05T3040,GB/T 6170-2015,S1,QA3,M42,个,,Kg,
SBN00373,1型六角螺母(左螺纹),8级,CP05T3040,GB/T 6170-2015,S1,QA3,M52,个,,Kg,
SBN00374,2型六角螺母,8级,CP05T3040,GB/T 6175-2000,S1,QA3,M8,个,,Kg,
SBN00375,2型六角螺母,8级,CP05T3040,GB/T 6175-2000,S1,QA3,M10,个,,Kg,
SBN00376,2型六角螺母,8级,CP05T3040,GB/T 6175-2000,S1,QA3,M12,个,,Kg,
SBN00377,2型六角螺母,8级,CP05T3040,GB/T 6175-2000,S1,QA3,M14,个,,Kg,
SBN00378,2型六角螺母,8级,CP05T3040,GB/T 6175-2000,S1,QA3,M24,个,,Kg,
SBN00379,2型六角螺母,8级,CP05T3040,GB/T 6175-2000,S1,QA3,M27,个,,Kg,
SBN00380,六角薄螺母,05,CP05T3040,GB/T 6172.1-2016,S1,QA3,M5,个,,Kg,
SBN00381,六角薄螺母,A2-035,CP05T3040,GB/T 6172.1-2016,S1,QA3,M5,个,,Kg,
SBN00382,六角薄螺母,05,CP05T3040,GB/T 6172.1-2016,S1,QA3,M6,个,,Kg,
SBN00383,六角薄螺母,A2-035,CP05T3040,GB/T 6172.1-2016,S1,QA3,M6,个,,Kg,
SBN00384,六角薄螺母,05,CP05T3040,GB/T 6172.1-2016,S1,QA3,M8,个,,Kg,
SBN00385,六角薄螺母,A2-035,CP05T3040,GB/T 6172.1-2016,S1,QA3,M8,个,,Kg,
SBN00386,六角薄螺母,05,CP05T3040,GB/T 6172.1-2016,S1,QA3,M10,个,,Kg,
SBN00387,六角薄螺母,A2-035,CP05T3040,GB/T 6172.1-2016,S1,QA3,M10,个,,Kg,
SBN00388,六角薄螺母,05,CP05T3040,GB/T 6172.1-2016,S1,QA3,M12,个,,Kg,
SBN00389,六角薄螺母,A2-035,CP05T3040,GB/T 6172.1-2016,S1,QA3,M12,个,,Kg,
SBN00390,六角薄螺母,05,CP05T3040,GB/T 6172.1-2016,S1,QA3,M14,个,,Kg,
SBN00391,六角薄螺母,A2-035,CP05T3040,GB/T 6172.1-2016,S1,QA3,M14,个,,Kg,
SBN00392,六角薄螺母,05,CP05T3040,GB/T 6172.1-2016,S1,QA3,M16,个,,Kg,
SBN00393,六角薄螺母,A2-035,CP05T3040,GB/T 6172.1-2016,S1,QA3,M16,个,,Kg,
SBN00394,六角薄螺母,05,CP05T3040,GB/T 6172.1-2016,S1,QA3,M18,个,,Kg,
SBN00395,六角薄螺母,A2-035,CP05T3040,GB/T 6172.1-2016,S1,QA3,M18,个,,Kg,
SBN00396,六角薄螺母,05,CP05T3040,GB/T 6172.1-2016,S1,QA3,M20,个,,Kg,
SBN00397,六角薄螺母,A2-035,CP05T3040,GB/T 6172.1-2016,S1,QA3,M20,个,,Kg,
SBN00398,六角薄螺母,05,CP05T3040,GB/T 6172.1-2016,S1,QA3,M22,个,,Kg,
SBN00399,六角薄螺母,A2-035,CP05T3040,GB/T 6172.1-2016,S1,QA3,M22,个,,Kg,
SBN00400,六角薄螺母,05,CP05T3040,GB/T 6172.1-2016,S1,QA3,M24,个,,Kg,
SBN00401,六角薄螺母,A2-035,CP05T3040,GB/T 6172.1-2016,S1,QA3,M24,个,,Kg,
SBN00402,六角薄螺母,05,CP05T3040,GB/T 6172.1-2016,S1,QA3,M27,个,,Kg,
SBN00403,六角薄螺母,A2-025,CP05T3040,GB/T 6172.1-2016,S1,QA3,M27,个,,Kg,
SBN00404,六角薄螺母,05,CP05T3040,GB/T 6172.1-2016,S1,QA3,M30,个,,Kg,
SBN00405,六角薄螺母,05,CP05T3040,GB/T 6172.1-2016,S1,QA3,M33,个,,Kg,
SBN00406,六角薄螺母,A2-025,CP05T3040,GB/T 6172.1-2016,S1,QA3,M33,个,,Kg,
SBN00407,六角薄螺母,05,CP05T3040,GB/T 6172.1-2016,S1,QA3,M36,个,,Kg,
SBN00408,六角薄螺母,05,CP05T3040,GB/T 6172.1-2016,S1,QA3,M42,个,,Kg,
SBN00409,六角薄螺母,05,CP05T3040,GB/T 6172.1-2016,S1,QA3,M52,个,,Kg,
SBN00410,六角薄螺母,05,CP05T3040,GB/T 6172.1-2016,S1,QA3,M60,个,,Kg,
SBN00411,六角薄螺母,05,CP05T3040,GB/T 6172.1-2016,S1,QA3,M64,个,,Kg,
SBN00412,1型六角螺母,A2-70,CP05T3040,GB/T 6170-2015,S1,QA3,M6,个,,Kg,
SBN00413,1型六角螺母,A2-70,CP05T3040,GB/T 6170-2015,S1,QA3,M8,个,,Kg,
SBN00414,1型六角螺母,A2-70,CP05T3040,GB/T 6170-2015,S1,QA3,M10,个,,Kg,
SBN00415,1型六角螺母,A2-70,CP05T3040,GB/T 6170-2015,S1,QA3,M12,个,,Kg,
SBN00416,1型六角螺母,A2-70,CP05T3040,GB/T 6170-2015,S1,QA3,M16,个,,Kg,
SBN60001,1型六角螺母,8级(镀锌钝化),,GB/T 6170-2015,NA,QNCa,M12,个,,Kg,
SBN60002,1型六角螺母,8级(镀锌钝化),,GB/T 6170-2015,NA,QNCa,M16,个,,Kg,
SBN60003,1型六角螺母,8级(镀锌钝化),,GB/T 6170-2015,NA,QNCa,M20,个,,Kg,
SBN60004,1型六角螺母,8级(镀锌钝化),,GB/T 6170-2015,NA,QNCa,M24,个,,Kg,
SBN60005,1型六角螺母,06Cr19Ni10,,GB/T 6170-2015,NA,QNCa,M20,个,,Kg,
SBR00100,圆棒,42CrMo,,GB/T 3077-2015,NA,QNC,Ф45,M,0.0125,Kg,1. 力学性能：Yield Stress Sy≥724.0MPa/Tensile Strength Su≥862.0MPa;                            2. 要求进进行100%超声检测，按照NB/T 20003.2-2010中第15章规定执行，验收等级为II级。
SBS00100,螺杆,06Cr15Ni25Ti2MoAlVB,CP05T3035,GB/T 196-2003,RCC-M 1,QA1,M14,M,1,Kg,
SBS00101,螺杆,06Cr15Ni25Ti2MoAlVB,CP05T3035,GB/T 196-2003,RCC-M 1,QA1,M16,M,1.3,Kg,
SBS00102,螺杆,06Cr15Ni25Ti2MoAlVB,CP05T3035,GB/T 196-2003,RCC-M 1,QA1,M20,M,2,Kg,
SBS00103,螺杆,06Cr15Ni25Ti2MoAlVB,CP05T3035,GB/T 196-2003,RCC-M 1,QA1,M24,M,2.95,Kg,
SBS00104,螺杆,06Cr15Ni25Ti2MoAlVB,CP05T3035,GB/T 196-2003,RCC-M 1,QA1,M27,M,3.8,Kg,
SBS00105,螺杆,06Cr15Ni25Ti2MoAlVB,CP05T3035,GB/T 196-2003,RCC-M 1,QA1,M30,M,5,Kg,
SBS00106,螺杆,06Cr15Ni25Ti2MoAlVB,CP05T3035,GB/T 196-2003,RCC-M 1,QA1,M33,M,6.1,Kg,
SBS00107,螺杆,06Cr15Ni25Ti2MoAlVB,CP05T3035,GB/T 196-2003,RCC-M 1,QA1,M36,M,7,Kg,
SBS00108,螺杆,06Cr15Ni25Ti2MoAlVB,CP05T3035,GB/T 196-2003,RCC-M 1,QA1,M39,M,8.36,Kg,
SBS00109,螺杆,06Cr15Ni25Ti2MoAlVB,CP05T3035,GB/T 196-2003,RCC-M 1,QA1,M42,M,9.69,Kg,
SBS00110,螺杆,06Cr15Ni25Ti2MoAlVB,CP05T3035,GB/T 196-2003,RCC-M 1,QA1,M45,M,11.3,Kg,
SBS00111,螺杆,06Cr15Ni25Ti2MoAlVB,CP05T3035,GB/T 196-2003,RCC-M 1,QA1,M48,M,12.85,Kg,
SBS00112,螺杆,06Cr15Ni25Ti2MoAlVB,CP05T3035,GB/T 196-2003,RCC-M 1,QA1,M52,M,15,Kg,
SBS00113,螺杆,06Cr15Ni25Ti2MoAlVB,CP05T3035,GB/T 196-2003,RCC-M 1,QA1,M56,M,17.39,Kg,
SBS00114,螺杆,06Cr15Ni25Ti2MoAlVB,CP05T3035,GB/T 196-2003,RCC-M 1,QA1,M64,M,22.71,Kg,
SBS00115,螺杆,06Cr15Ni25Ti2MoAlVB,CP05T3035,GB/T 196-2003,RCC-M 1,QA1,M70,M,27.16,Kg,
SBS00116,螺杆,06Cr15Ni25Ti2MoAlVB,CP05T3035,GB/T 196-2003,RCC-M 1,QA1,M76,M,32,Kg,
SBS00117,螺杆,06Cr15Ni25Ti2MoAlVB,CP05T3035,GB/T 196-2003,RCC-M 1,QA1,M90,M,44.87,Kg,
SBS00118,螺杆,06Cr15Ni25Ti2MoAlVB,CP05T3035,GB/T 196-2003,RCC-M 2,QA1,M14,M,1,Kg,
SBS00119,螺杆,06Cr15Ni25Ti2MoAlVB,CP05T3035,GB/T 196-2003,RCC-M 2,QA1,M16,M,1.3,Kg,
SBS00120,螺杆,06Cr15Ni25Ti2MoAlVB,CP05T3035,GB/T 196-2003,RCC-M 2,QA1,M20,M,2,Kg,
SBS00121,螺杆,06Cr15Ni25Ti2MoAlVB,CP05T3035,GB/T 196-2003,RCC-M 2,QA1,M24,M,2.95,Kg,
SBS00122,螺杆,06Cr15Ni25Ti2MoAlVB,CP05T3035,GB/T 196-2003,RCC-M 2,QA1,M27,M,3.8,Kg,
SBS00123,螺杆,06Cr15Ni25Ti2MoAlVB,CP05T3035,GB/T 196-2003,RCC-M 2,QA1,M30,M,5,Kg,
SBS00124,螺杆,06Cr15Ni25Ti2MoAlVB,CP05T3035,GB/T 196-2003,RCC-M 2,QA1,M33,M,6.1,Kg,
SBS00125,螺杆,06Cr15Ni25Ti2MoAlVB,CP05T3035,GB/T 196-2003,RCC-M 2,QA1,M36,M,7,Kg,
SBS00126,螺杆,06Cr15Ni25Ti2MoAlVB,CP05T3035,GB/T 196-2003,RCC-M 2,QA1,M39,M,8.36,Kg,
SBS00127,螺杆,06Cr15Ni25Ti2MoAlVB,CP05T3035,GB/T 196-2003,RCC-M 2,QA1,M42,M,9.69,Kg,
SBS00128,螺杆,06Cr15Ni25Ti2MoAlVB,CP05T3035,GB/T 196-2003,RCC-M 2,QA1,M45,M,11.3,Kg,
SBS00129,螺杆,06Cr15Ni25Ti2MoAlVB,CP05T3035,GB/T 196-2003,RCC-M 2,QA1,M48,M,12.85,Kg,
SBS00130,螺杆,06Cr15Ni25Ti2MoAlVB,CP05T3035,GB/T 196-2003,RCC-M 2,QA1,M52,M,15,Kg,
SBS00131,螺杆,06Cr15Ni25Ti2MoAlVB,CP05T3035,GB/T 196-2003,RCC-M 2,QA1,M56,M,17.39,Kg,
SBS00132,螺杆,06Cr15Ni25Ti2MoAlVB,CP05T3035,GB/T 196-2003,RCC-M 2,QA1,M64,M,22.71,Kg,
SBS00133,螺杆,06Cr15Ni25Ti2MoAlVB,CP05T3035,GB/T 196-2003,RCC-M 2,QA1,M70,M,27.16,Kg,
SBS00134,螺杆,06Cr15Ni25Ti2MoAlVB,CP05T3035,GB/T 196-2003,RCC-M 2,QA1,M76,M,32,Kg,
SBS00135,螺杆,06Cr15Ni25Ti2MoAlVB,CP05T3035,GB/T 196-2003,RCC-M 2,QA1,M90,M,44.87,Kg,
SBS00136,螺杆,06Cr15Ni25Ti2MoAlVB,CP05T3035,GB/T 196-2003,RCC-M 3,QA2,M14,M,1,Kg,
SBS00137,螺杆,06Cr15Ni25Ti2MoAlVB,CP05T3035,GB/T 196-2003,RCC-M 3,QA2,M16,M,1.3,Kg,
SBS00138,螺杆,06Cr15Ni25Ti2MoAlVB,CP05T3035,GB/T 196-2003,RCC-M 3,QA2,M20,M,2,Kg,
SBS00139,螺杆,06Cr15Ni25Ti2MoAlVB,CP05T3035,GB/T 196-2003,RCC-M 3,QA2,M24,M,2.95,Kg,
SBS00140,螺杆,06Cr15Ni25Ti2MoAlVB,CP05T3035,GB/T 196-2003,RCC-M 3,QA2,M27,M,3.8,Kg,
SBS00141,螺杆,06Cr15Ni25Ti2MoAlVB,CP05T3035,GB/T 196-2003,RCC-M 3,QA2,M30,M,5,Kg,
SBS00142,螺杆,06Cr15Ni25Ti2MoAlVB,CP05T3035,GB/T 196-2003,RCC-M 3,QA2,M33,M,6.1,Kg,
SBS00143,螺杆,06Cr15Ni25Ti2MoAlVB,CP05T3035,GB/T 196-2003,RCC-M 3,QA2,M36,M,7,Kg,
SBS00144,螺杆,06Cr15Ni25Ti2MoAlVB,CP05T3035,GB/T 196-2003,RCC-M 3,QA2,M39,M,8.36,Kg,
SBS00145,螺杆,06Cr15Ni25Ti2MoAlVB,CP05T3035,GB/T 196-2003,RCC-M 3,QA2,M42,M,9.69,Kg,
SBS00146,螺杆,06Cr15Ni25Ti2MoAlVB,CP05T3035,GB/T 196-2003,RCC-M 3,QA2,M45,M,11.3,Kg,
SBS00147,螺杆,06Cr15Ni25Ti2MoAlVB,CP05T3035,GB/T 196-2003,RCC-M 3,QA2,M48,M,12.85,Kg,
SBS00148,螺杆,06Cr15Ni25Ti2MoAlVB,CP05T3035,GB/T 196-2003,RCC-M 3,QA2,M52,M,15,Kg,
SBS00149,螺杆,06Cr15Ni25Ti2MoAlVB,CP05T3035,GB/T 196-2003,RCC-M 3,QA2,M56,M,17.39,Kg,
SBS00150,螺杆,06Cr15Ni25Ti2MoAlVB,CP05T3035,GB/T 196-2003,RCC-M 3,QA2,M64,M,22.71,Kg,
SBS00151,螺杆,06Cr15Ni25Ti2MoAlVB,CP05T3035,GB/T 196-2003,RCC-M 3,QA2,M70,M,27.16,Kg,
SBS00152,螺杆,06Cr15Ni25Ti2MoAlVB,CP05T3035,GB/T 196-2003,RCC-M 3,QA2,M76,M,32,Kg,
SBS00153,螺杆,06Cr15Ni25Ti2MoAlVB,CP05T3035,GB/T 196-2003,RCC-M 3,QA2,M90,M,44.87,Kg,
SBS00154,螺杆,06Cr15Ni25Ti2MoAlVB,CP05T3030,GB/T 196-2003,NA,QNCa,M14,M,1,Kg,
SBS00155,螺杆,06Cr15Ni25Ti2MoAlVB,CP05T3030,GB/T 196-2003,NA,QNCa,M16,M,1.3,Kg,
SBS00156,螺杆,06Cr15Ni25Ti2MoAlVB,CP05T3030,GB/T 196-2003,NA,QNCa,M20,M,2,Kg,
SBS00157,螺杆,06Cr15Ni25Ti2MoAlVB,CP05T3030,GB/T 196-2003,NA,QNCa,M24,M,2.95,Kg,
SBS00158,螺杆,06Cr15Ni25Ti2MoAlVB,CP05T3030,GB/T 196-2003,NA,QNCa,M27,M,3.8,Kg,
SBS00159,螺杆,06Cr15Ni25Ti2MoAlVB,CP05T3030,GB/T 196-2003,NA,QNCa,M30,M,5,Kg,
SBS00160,螺杆,06Cr15Ni25Ti2MoAlVB,CP05T3030,GB/T 196-2003,NA,QNCa,M33,M,6.1,Kg,
SBS00161,螺杆,06Cr15Ni25Ti2MoAlVB,CP05T3030,GB/T 196-2003,NA,QNCa,M36,M,7,Kg,
SBS00162,螺杆,06Cr15Ni25Ti2MoAlVB,CP05T3030,GB/T 196-2003,NA,QNCa,M39,M,8.36,Kg,
SBS00163,螺杆,06Cr15Ni25Ti2MoAlVB,CP05T3030,GB/T 196-2003,NA,QNCa,M42,M,9.69,Kg,
SBS00164,螺杆,06Cr15Ni25Ti2MoAlVB,CP05T3030,GB/T 196-2003,NA,QNCa,M45,M,11.3,Kg,
SBS00165,螺杆,06Cr15Ni25Ti2MoAlVB,CP05T3030,GB/T 196-2003,NA,QNCa,M48,M,12.85,Kg,
SBS00166,螺杆,06Cr15Ni25Ti2MoAlVB,CP05T3030,GB/T 196-2003,NA,QNCa,M52,M,15,Kg,
SBS00167,螺杆,06Cr15Ni25Ti2MoAlVB,CP05T3030,GB/T 196-2003,NA,QNCa,M56,M,17.39,Kg,
SBS00168,螺杆,06Cr15Ni25Ti2MoAlVB,CP05T3030,GB/T 196-2003,NA,QNCa,M64,M,22.71,Kg,
SBS00169,螺杆,06Cr15Ni25Ti2MoAlVB,CP05T3030,GB/T 196-2003,NA,QNCa,M70,M,27.16,Kg,
SBS00170,螺杆,06Cr15Ni25Ti2MoAlVB,CP05T3030,GB/T 196-2003,NA,QNCa,M76,M,32,Kg,
SBS00171,螺杆,06Cr15Ni25Ti2MoAlVB,CP05T3030,GB/T 196-2003,NA,QNCa,M90,M,44.87,Kg,
SBS00172,螺杆,42CrMo,CP05T3035,GB/T 196-2003,RCC-M 2,QA1,M14,M,1,Kg,
SBS00173,螺杆,42CrMo,CP05T3035,GB/T 196-2003,RCC-M 2,QA1,M16,M,1.3,Kg,
SBS00174,螺杆,42CrMo,CP05T3035,GB/T 196-2003,RCC-M 2,QA1,M20,M,2,Kg,
SBS00175,螺杆,42CrMo,CP05T3035,GB/T 196-2003,RCC-M 2,QA1,M24,M,2.95,Kg,
SBS00176,螺杆,42CrMo,CP05T3035,GB/T 196-2003,RCC-M 2,QA1,M27,M,3.8,Kg,
SBS00177,螺杆,42CrMo,CP05T3035,GB/T 196-2003,RCC-M 2,QA1,M30,M,5,Kg,
SBS00178,螺杆,42CrMo,CP05T3035,GB/T 196-2003,RCC-M 2,QA1,M33,M,6.1,Kg,
SBS00179,螺杆,42CrMo,CP05T3035,GB/T 196-2003,RCC-M 2,QA1,M36,M,7,Kg,
SBS00180,螺杆,42CrMo,CP05T3035,GB/T 196-2003,RCC-M 2,QA1,M39,M,8.36,Kg,
SBS00181,螺杆,42CrMo,CP05T3035,GB/T 196-2003,RCC-M 2,QA1,M42,M,9.69,Kg,
SBS00182,螺杆,42CrMo,CP05T3035,GB/T 196-2003,RCC-M 2,QA1,M45,M,11.3,Kg,
SBS00183,螺杆,42CrMo,CP05T3035,GB/T 196-2003,RCC-M 2,QA1,M48,M,12.85,Kg,
SBS00184,螺杆,42CrMo,CP05T3035,GB/T 196-2003,RCC-M 2,QA1,M52,M,15,Kg,
SBS00185,螺杆,42CrMo,CP05T3035,GB/T 196-2003,RCC-M 2,QA1,M56,M,17.39,Kg,
SBS00186,螺杆,42CrMo,CP05T3035,GB/T 196-2003,RCC-M 2,QA1,M64,M,22.71,Kg,
SBS00187,螺杆,42CrMo,CP05T3035,GB/T 196-2003,RCC-M 2,QA1,M70,M,27.16,Kg,
SBS00188,螺杆,42CrMo,CP05T3035,GB/T 196-2003,RCC-M 2,QA1,M76,M,32,Kg,
SBS00189,螺杆,42CrMo,CP05T3035,GB/T 196-2003,RCC-M 2,QA1,M90,M,44.87,Kg,
SBS00190,螺杆,42CrMo,CP05T3035,GB/T 196-2003,RCC-M 3,QA2,M14,M,1,Kg,
SBS00191,螺杆,42CrMo,CP05T3035,GB/T 196-2003,RCC-M 3,QA2,M16,M,1.3,Kg,
SBS00192,螺杆,42CrMo,CP05T3035,GB/T 196-2003,RCC-M 3,QA2,M20,M,2,Kg,
SBS00193,螺杆,42CrMo,CP05T3035,GB/T 196-2003,RCC-M 3,QA2,M24,M,2.95,Kg,
SBS00194,螺杆,42CrMo,CP05T3035,GB/T 196-2003,RCC-M 3,QA2,M27,M,3.8,Kg,
SBS00195,螺杆,42CrMo,CP05T3035,GB/T 196-2003,RCC-M 3,QA2,M30,M,5,Kg,
SBS00196,螺杆,42CrMo,CP05T3035,GB/T 196-2003,RCC-M 3,QA2,M33,M,6.1,Kg,
SBS00197,螺杆,42CrMo,CP05T3035,GB/T 196-2003,RCC-M 3,QA2,M36,M,7,Kg,
SBS00198,螺杆,42CrMo,CP05T3035,GB/T 196-2003,RCC-M 3,QA2,M39,M,8.36,Kg,
SBS00199,螺杆,42CrMo,CP05T3035,GB/T 196-2003,RCC-M 3,QA2,M42,M,9.69,Kg,
SBS00200,螺杆,42CrMo,CP05T3035,GB/T 196-2003,RCC-M 3,QA2,M45,M,11.3,Kg,
SBS00201,螺杆,42CrMo,CP05T3035,GB/T 196-2003,RCC-M 3,QA2,M48,M,12.85,Kg,
SBS00202,螺杆,42CrMo,CP05T3035,GB/T 196-2003,RCC-M 3,QA2,M52,M,15,Kg,
SBS00203,螺杆,42CrMo,CP05T3035,GB/T 196-2003,RCC-M 3,QA2,M56,M,17.39,Kg,
SBS00204,螺杆,42CrMo,CP05T3035,GB/T 196-2003,RCC-M 3,QA2,M64,M,22.71,Kg,
SBS00205,螺杆,42CrMo,CP05T3035,GB/T 196-2003,RCC-M 3,QA2,M70,M,27.16,Kg,
SBS00206,螺杆,42CrMo,CP05T3035,GB/T 196-2003,RCC-M 3,QA2,M76,M,32,Kg,
SBS00207,螺杆,42CrMo,CP05T3035,GB/T 196-2003,RCC-M 3,QA2,M90,M,44.87,Kg,
SBS00208,螺杆,42CrMo,CP05T3030,GB/T 196-2003,NA,QNCa,M14,M,1,Kg,
SBS00209,螺杆,42CrMo,CP05T3030,GB/T 196-2003,NA,QNCa,M16,M,1.3,Kg,
SBS00210,螺杆,42CrMo,CP05T3030,GB/T 196-2003,NA,QNCa,M20,M,2,Kg,
SBS00211,螺杆,42CrMo,CP05T3030,GB/T 196-2003,NA,QNCa,M24,M,2.95,Kg,
SBS00212,螺杆,42CrMo,CP05T3030,GB/T 196-2003,NA,QNCa,M27,M,3.8,Kg,
SBS00213,螺杆,42CrMo,CP05T3030,GB/T 196-2003,NA,QNCa,M30,M,5,Kg,
SBS00214,螺杆,42CrMo,CP05T3030,GB/T 196-2003,NA,QNCa,M33,M,6.1,Kg,
SBS00215,螺杆,42CrMo,CP05T3030,GB/T 196-2003,NA,QNCa,M36,M,7,Kg,
SBS00216,螺杆,42CrMo,CP05T3030,GB/T 196-2003,NA,QNCa,M39,M,8.36,Kg,
SBS00217,螺杆,42CrMo,CP05T3030,GB/T 196-2003,NA,QNCa,M42,M,9.69,Kg,
SBS00218,螺杆,42CrMo,CP05T3030,GB/T 196-2003,NA,QNCa,M45,M,11.3,Kg,
SBS00219,螺杆,42CrMo,CP05T3030,GB/T 196-2003,NA,QNCa,M48,M,12.85,Kg,
SBS00220,螺杆,42CrMo,CP05T3030,GB/T 196-2003,NA,QNCa,M52,M,15,Kg,
SBS00221,螺杆,42CrMo,CP05T3030,GB/T 196-2003,NA,QNCa,M56,M,17.39,Kg,
SBS00222,螺杆,42CrMo,CP05T3030,GB/T 196-2003,NA,QNCa,M64,M,22.71,Kg,
SBS00223,螺杆,42CrMo,CP05T3030,GB/T 196-2003,NA,QNCa,M70,M,27.16,Kg,
SBS00224,螺杆,42CrMo,CP05T3030,GB/T 196-2003,NA,QNCa,M76,M,32,Kg,
SBS00225,螺杆,42CrMo,CP05T3030,GB/T 196-2003,NA,QNCa,M90,M,44.87,Kg,
SBS00226,六角头螺栓,8.8级,CP05T3040,GB/T 5782-2016,S1,QA3,HM6x25,个,,Kg,
SBS00227,六角头螺栓,8.8级,CP05T3040,GB/T 5782-2016,S1,QA3,HM8x25,个,,Kg,
SBS00228,六角头螺栓,8.8级,CP05T3040,GB/T 5782-2016,S1,QA3,HM8x30,个,,Kg,
SBS00229,六角头螺栓,8.8级,CP05T3040,GB/T 5782-2016,S1,QA3,HM8x40,个,,Kg,
SBS00230,六角头螺栓,8.8级,CP05T3040,GB/T 5782-2016,S1,QA3,HM8x45,个,,Kg,
SBS00231,六角头螺栓,8.8级,CP05T3040,GB/T 5782-2016,S1,QA3,HM10x35,个,,Kg,
SBS00232,六角头螺栓,8.8级,CP05T3040,GB/T 5782-2016,S1,QA3,HM10x40,个,,Kg,
SBS00233,六角头螺栓,8.8级,CP05T3040,GB/T 5782-2016,S1,QA3,HM10x60,个,,Kg,
SBS00234,六角头螺栓,8.8级,CP05T3040,GB/T 5782-2016,S1,QA3,HM10x80,个,,Kg,
SBS00235,六角头螺栓,8.8级,CP05T3040,GB/T 5782-2016,S1,QA3,HM12x30,个,,Kg,
SBS00236,六角头螺栓,8.8级,CP05T3040,GB/T 5782-2016,S1,QA3,HM12x40,个,,Kg,
SBS00237,六角头螺栓,8.8级,CP05T3040,GB/T 5782-2016,S1,QA3,HM12x50,个,,Kg,
SBS00238,六角头螺栓,8.8级,CP05T3040,GB/T 5782-2016,S1,QA3,HM12x60,个,,Kg,
SBS00239,六角头螺栓,8.8级,CP05T3040,GB/T 5782-2016,S1,QA3,HM12x70,个,,Kg,
SBS00241,六角头螺栓,8.8级,CP05T3040,GB/T 5782-2016,S1,QA3,HM12x80,个,,Kg,
SBS00242,六角头螺栓,8.8级,CP05T3040,GB/T 5782-2016,S1,QA3,HM12x85,个,,Kg,
SBS00243,六角头螺栓,8.8级,CP05T3040,GB/T 5782-2016,S1,QA3,HM12x100,个,,Kg,
SBS00244,六角头螺栓,8.8级,CP05T3040,GB/T 5782-2016,S1,QA3,HM14x40,个,,Kg,
SBS00245,六角头螺栓,8.8级,CP05T3040,GB/T 5782-2016,S1,QA3,HM14x50,个,,Kg,
SBS00246,六角头螺栓,8.8级,CP05T3040,GB/T 5782-2016,S1,QA3,HM14x60,个,,Kg,
SBS00247,六角头螺栓,8.8级,CP05T3040,GB/T 5782-2016,S1,QA3,HM14x70,个,,Kg,
SBS00248,六角头螺栓,8.8级,CP05T3040,GB/T 5782-2016,S1,QA3,HM16x40,个,,Kg,
SBS00249,六角头螺栓,8.8级,CP05T3040,GB/T 5782-2016,S1,QA3,HM16x60,个,,Kg,
SBS00250,六角头螺栓,8.8级,CP05T3040,GB/T 5782-2016,S1,QA3,HM16x80,个,,Kg,
SBS00251,六角头螺栓,8.8级,CP05T3040,GB/T 5782-2016,S1,QA3,HM16x85,个,,Kg,
SBS00252,六角头螺栓,8.8级,CP05T3040,GB/T 5782-2016,S1,QA3,HM16x100,个,,Kg,
SBS00253,六角头螺栓,8.8级,CP05T3040,GB/T 5782-2016,S1,QA3,HM16x110,个,,Kg,
SBS00254,六角头螺栓,8.8级,CP05T3040,GB/T 5782-2016,S1,QA3,HM18x70,个,,Kg,
SBS00255,六角头螺栓,8.8级,CP05T3040,GB/T 5782-2016,S1,QA3,HM18x80,个,,Kg,
SBS00256,六角头螺栓,8.8级,CP05T3040,GB/T 5782-2016,S1,QA3,HM18x85,个,,Kg,
SBS00257,六角头螺栓,8.8级,CP05T3040,GB/T 5782-2016,S1,QA3,HM18x115,个,,Kg,
SBS00258,六角头螺栓,8.8级,CP05T3040,GB/T 5782-2016,S1,QA3,HM18x150,个,,Kg,
SBS00259,六角头螺栓,8.8级,CP05T3040,GB/T 5782-2016,S1,QA3,HM20x60,个,,Kg,
SBS00260,六角头螺栓,8.8级,CP05T3040,GB/T 5782-2016,S1,QA3,HM20x80,个,,Kg,
SBS00261,六角头螺栓,8.8级,CP05T3040,GB/T 5782-2016,S1,QA3,HM20x90,个,,Kg,
SBS00262,六角头螺栓,8.8级,CP05T3040,GB/T 5782-2016,S1,QA3,HM20x100,个,,Kg,
SBS00263,六角头螺栓,8.8级,CP05T3040,GB/T 5782-2016,S1,QA3,HM20x130,个,,Kg,
SBS00264,六角头螺栓,8.8级,CP05T3040,GB/T 5782-2016,S1,QA3,HM22x80,个,,Kg,
SBS00265,六角头螺栓,8.8级,CP05T3040,GB/T 5782-2016,S1,QA3,HM22x85,个,,Kg,
SBS00266,六角头螺栓,8.8级,CP05T3040,GB/T 5782-2016,S1,QA3,HM22x110,个,,Kg,
SBS00267,六角头螺栓,8.8级,CP05T3040,GB/T 5782-2016,S1,QA3,HM24x65,个,,Kg,
SBS00268,六角头螺栓,8.8级,CP05T3040,GB/T 5782-2016,S1,QA3,HM24x100,个,,Kg,
SBS00269,六角头螺栓,8.8级,CP05T3040,GB/T 5782-2016,S1,QA3,HM24x110,个,,Kg,
SBS00270,六角头螺栓,8.8级,CP05T3040,GB/T 5782-2016,S1,QA3,HM24x120,个,,Kg,
SBS00271,六角头螺栓,8.8级,CP05T3040,GB/T 5782-2016,S1,QA3,HM24x150,个,,Kg,
SBS00272,六角头螺栓,8.8级,CP05T3040,GB/T 5782-2016,S1,QA3,HM27x100,个,,Kg,
SBS00273,六角头螺栓,8.8级,CP05T3040,GB/T 5782-2016,S1,QA3,HM27x120,个,,Kg,
SBS00274,六角头螺栓,8.8级,CP05T3040,GB/T 5782-2016,S1,QA3,HM27x130,个,,Kg,
SBS00275,六角头螺栓,8.8级,CP05T3040,GB/T 5782-2016,S1,QA3,HM27x140,个,,Kg,
SBS00276,六角头螺栓,8.8级,CP05T3040,GB/T 5782-2016,S1,QA3,HM30x90,个,,Kg,
SBS00277,六角头螺栓,8.8级,CP05T3040,GB/T 5782-2016,S1,QA3,HM30x140,个,,Kg,
SBS00278,六角头螺栓,8.8级,CP05T3040,GB/T 5782-2016,S1,QA3,HM33x120,个,,Kg,
SBS00279,六角头螺栓,8.8级,CP05T3040,GB/T 5782-2016,S1,QA3,HM33x150,个,,Kg,
SBS00280,六角头螺栓,8.8级,CP05T3040,GB/T 5782-2016,S1,QA3,HM36x80,个,,Kg,
SBS00281,六角头螺栓,8.8级,CP05T3040,GB/T 5782-2016,S1,QA3,HM36x100,个,,Kg,
SBS00282,六角头螺栓,8.8级,CP05T3040,GB/T 5782-2016,S1,QA3,HM36x160,个,,Kg,
SBS00283,六角头螺栓,8.8级,CP05T3040,GB/T 5782-2016,S1,QA3,HM42x130,个,,Kg,
SBS00284,六角头螺栓,8.8级,CP05T3040,GB/T 5782-2016,S1,QA3,HM42x180,个,,Kg,
SBS00285,六角头螺栓,8.8级,CP05T3040,GB/T 5782-2016,S1,QA3,HM52x160,个,,Kg,
SBS00286,六角头螺栓,8.8级,CP05T3040,GB/T 5782-2016,S1,QA3,HM52x210,个,,Kg,
SBS00287,六角头螺栓,8.8级,CP05T3040,GB/T 5782-2016,S1,QA3,HM60x180,个,,Kg,
SBS00288,六角头螺栓,8.8级,CP05T3040,GB/T 5782-2016,S1,QA3,HM30x300,个,,Kg,
SBS00289,螺杆,42CrMo,CP05T3030,GB/T 196-2003,NA,QNCa,M12,M,0.712,Kg,
SBS00290,六角头螺栓,8.8级,CP05T3040,GB/T 5783-2016,S1,QA3,HM20x45,个,,Kg,
SBS00291,六角头螺栓,8.8级(镀锌钝化),,GB/T 5782-2016,NA,QNCa,M24x140,个,,Kg,
SBS00292,六角头螺栓,8.8级(镀锌钝化),,GB/T 5782-2016,NA,QNCa,M27x155,个,,Kg,
SBS00293,六角头螺栓,8.8级(镀锌钝化),,GB/T 5782-2016,NA,QNCa,M30x180,个,,Kg,
SBS60001,六角头螺栓,8.8级(镀锌钝化),,GB/T 5782-2016,NA,QNCa,M16x65,个,,Kg,
SBS60002,六角头螺栓,8.8级(镀锌钝化),,GB/T 5782-2016,NA,QNCa,M12x70,个,,Kg,
SBS60003,六角头螺栓,8.8级(镀锌钝化),,GB/T 5782-2016,NA,QNCa,M16x80,个,,Kg,
SBS60004,六角头螺栓,8.8级(镀锌钝化),,GB/T 5782-2016,NA,QNCa,M20x90,个,,Kg,
SBS60005,六角头螺栓,8.8级(镀锌钝化),,GB/T 5782-2016,NA,QNCa,M24x100,个,,Kg,
SBS60006,六角头螺栓,8.8级(镀锌钝化),,GB/T 5782-2016,NA,QNCa,M16x70,个,,Kg,
SBS60007,六角头螺栓,8.8级(镀锌钝化),,GB/T 5782-2016,NA,QNCa,M20x80,个,,Kg,
SBW00154,双耳止动垫圈,06Cr19Ni10,,GB 855-1988,NA,QNCa,14,个,,Kg,
SBW00155,双耳止动垫圈,06Cr19Ni10,,GB 855-1988,NA,QNCa,16,个,,Kg,
SBW00156,双耳止动垫圈,06Cr19Ni10,,GB 855-1988,NA,QNCa,20,个,,Kg,
SBW00157,双耳止动垫圈,06Cr19Ni10,,GB 855-1988,NA,QNCa,24,个,,Kg,
SBW00158,双耳止动垫圈,06Cr19Ni10,,GB 855-1988,NA,QNCa,27,个,,Kg,
SBW00159,双耳止动垫圈,06Cr19Ni10,,GB 855-1988,NA,QNCa,30,个,,Kg,
SBW00160,双耳止动垫圈,06Cr19Ni10,,GB 855-1988,NA,QNCa,33,个,,Kg,
SBW00161,双耳止动垫圈,06Cr19Ni10,,GB 855-1988,NA,QNCa,36,个,,Kg,
SBW00162,双耳止动垫圈,06Cr19Ni10,,GB 855-1988,NA,QNCa,39,个,,Kg,
SBW00163,双耳止动垫圈,06Cr19Ni10,,GB 855-1988,NA,QNCa,42,个,,Kg,
SBW00164,双耳止动垫圈,06Cr19Ni10,,GB 855-1988,NA,QNCa,45,个,,Kg,
SBW00165,双耳止动垫圈,06Cr19Ni10,,GB 855-1988,NA,QNCa,48,个,,Kg,
SBW00172,平垫圈 A级,Q195,CP05T3040,GB/T 97.1-2002,S1,QA3,6,个,,Kg,
SBW00173,平垫圈 A级,Q195,CP05T3040,GB/T 97.1-2002,S1,QA3,8,个,,Kg,
SBW00174,平垫圈 A级,Q195,CP05T3040,GB/T 97.1-2002,S1,QA3,10,个,,Kg,
SBW00175,平垫圈 A级,Q195,CP05T3040,GB/T 97.1-2002,S1,QA3,12,个,,Kg,
SBW00176,平垫圈 A级,Q195,CP05T3040,GB/T 97.1-2002,S1,QA3,14,个,,Kg,
SBW00177,平垫圈 A级,Q195,CP05T3040,GB/T 97.1-2002,S1,QA3,16,个,,Kg,
SBW00178,平垫圈 A级,Q195,CP05T3040,GB/T 97.1-2002,S1,QA3,20,个,,Kg,
SBW00179,平垫圈 A级,Q195,CP05T3040,GB/T 97.1-2002,S1,QA3,24,个,,Kg,
SBW00180,平垫圈 A级,Q195,CP05T3040,GB/T 97.1-2002,S1,QA3,27,个,,Kg,
SBW00181,平垫圈 A级,Q195,CP05T3040,GB/T 97.1-2002,S1,QA3,30,个,,Kg,
SBW00182,平垫圈 A级,Q195,CP05T3040,GB/T 97.1-2002,S1,QA3,33,个,,Kg,
SBW00183,平垫圈 A级,Q195,CP05T3040,GB/T 97.1-2002,S1,QA3,34,个,,Kg,
SBW00184,平垫圈 A级,Q195,CP05T3040,GB/T 97.1-2002,S1,QA3,42,个,,Kg,
SBW00185,平垫圈 A级,Q195,CP05T3040,GB/T 97.1-2002,S1,QA3,64,个,,Kg,
SBW00186,槽钢用方斜垫圈,Q235B,CP05T3040,GB 853-1988,NA,QNCa,6,个,,Kg,
SBW00187,槽钢用方斜垫圈,Q235B,CP05T3040,GB 853-1988,NA,QNCa,8,个,,Kg,
SBW00188,槽钢用方斜垫圈,Q235B,CP05T3040,GB 853-1988,NA,QNCa,10,个,,Kg,
SBW00189,槽钢用方斜垫圈,Q235B,CP05T3040,GB 853-1988,NA,QNCa,12,个,,Kg,
SBW00190,槽钢用方斜垫圈,Q235B,CP05T3040,GB 853-1988,NA,QNCa,16,个,,Kg,
SBW00191,槽钢用方斜垫圈,Q235B,CP05T3040,GB 853-1988,NA,QNCa,20,个,,Kg,
SBW00192,槽钢用方斜垫圈,Q235B,CP05T3040,GB 853-1988,NA,QNCa,24,个,,Kg,
SBW00193,槽钢用方斜垫圈,Q235B,CP05T3040,GB 853-1988,NA,QNCa,30,个,,Kg,
SBW00194,槽钢用方斜垫圈,Q235B,CP05T3040,GB 853-1988,NA,QNCa,36,个,,Kg,
SBW00195,双耳止动垫圈,06Cr19Ni10,,GB 855-1988,NA,QNCa,12,个,,Kg,
SBW00196,平垫圈 A级,不锈钢 200 HV,,GB/T 97.1-2002,S1,QA3,6,个,,Kg,
SBW00197,平垫圈 A级,不锈钢 200 HV,,GB/T 97.1-2002,S1,QA3,8,个,,Kg,
SBW00198,平垫圈 A级,不锈钢 200 HV,,GB/T 97.1-2002,S1,QA3,10,个,,Kg,
SBW00199,平垫圈 A级,不锈钢 200 HV,,GB/T 97.1-2002,S1,QA3,12,个,,Kg,
SBW00200,平垫圈 A级,不锈钢 200 HV,,GB/T 97.1-2002,S1,QA3,14,个,,Kg,
SBW00201,平垫圈 A级,不锈钢 200 HV,,GB/T 97.1-2002,S1,QA3,16,个,,Kg,
SBW00202,平垫圈 A级,不锈钢 200 HV,,GB/T 97.1-2002,S1,QA3,20,个,,Kg,
SBW00203,平垫圈 A级,不锈钢 200 HV,,GB/T 97.1-2002,S1,QA3,24,个,,Kg,
SBW00204,平垫圈 A级,不锈钢 200 HV,,GB/T 97.1-2002,S1,QA3,27,个,,Kg,
SBW00205,平垫圈 A级,不锈钢 200 HV,,GB/T 97.1-2002,S1,QA3,30,个,,Kg,
SBW00206,平垫圈 A级,不锈钢 200 HV,,GB/T 97.1-2002,S1,QA3,33,个,,Kg,
SBW00207,平垫圈 A级,不锈钢 200 HV,,GB/T 97.1-2002,S1,QA3,34,个,,Kg,
SBW00208,平垫圈 A级,不锈钢 200 HV,,GB/T 97.1-2002,S1,QA3,42,个,,Kg,
SBW00209,平垫圈 A级,不锈钢 200 HV,,GB/T 97.1-2002,S1,QA3,64,个,,Kg,
SBW00214,平垫圈 A级,钢 200 HV,CP05T3040,GB/T 97.1-2002,S1,QA3,6,个,,Kg,
SBW00215,平垫圈 A级,钢 200 HV,CP05T3040,GB/T 97.1-2002,S1,QA3,8,个,,Kg,
SBW00216,平垫圈 A级,钢 200 HV,CP05T3040,GB/T 97.1-2002,S1,QA3,10,个,,Kg,
SBW00217,平垫圈 A级,钢 200 HV,CP05T3040,GB/T 97.1-2002,S1,QA3,12,个,,Kg,
SBW00218,平垫圈 A级,钢 200 HV,CP05T3040,GB/T 97.1-2002,S1,QA3,14,个,,Kg,
SBW00219,平垫圈 A级,钢 200 HV,CP05T3040,GB/T 97.1-2002,S1,QA3,16,个,,Kg,
SBW00220,平垫圈 A级,钢 200 HV,CP05T3040,GB/T 97.1-2002,S1,QA3,20,个,,Kg,
SBW00221,平垫圈 A级,钢 200 HV,CP05T3040,GB/T 97.1-2002,S1,QA3,24,个,,Kg,
SBW00222,平垫圈 A级,钢 200 HV,CP05T3040,GB/T 97.1-2002,S1,QA3,27,个,,Kg,
SBW00223,平垫圈 A级,钢 200 HV,CP05T3040,GB/T 97.1-2002,S1,QA3,30,个,,Kg,
SBW00224,平垫圈 A级,钢 200 HV,CP05T3040,GB/T 97.1-2002,S1,QA3,33,个,,Kg,
SBW00225,平垫圈 A级,钢 200 HV,CP05T3040,GB/T 97.1-2002,S1,QA3,34,个,,Kg,
SBW00226,平垫圈 A级,钢 200 HV,CP05T3040,GB/T 97.1-2002,S1,QA3,42,个,,Kg,
SBW00227,平垫圈 A级,钢 200 HV,CP05T3040,GB/T 97.1-2002,S1,QA3,64,个,,Kg,
SBW60001,双耳止动垫圈,06Cr19Ni10,,GB 855-1988,NA,QNCa,12,个,,Kg,
SBW60002,平垫圈 A级,06Cr19Ni10,,GB/T 97.1-2002,NA,QNCa,16,个,,Kg,
SBW60003,平垫圈 A级,06Cr19Ni10,,GB/T 97.1-2002,NA,QNCa,20,个,,Kg,
SBN00417,1型六角螺母,45（表面镀镉）,CP05T3035,GB/T 6170-2015,RCC-M 3,QA2,M33,个,,Kg,镀镉层采用GB/T 13346中Cd25/C或Cd25/D，同时满足Q/CNPE.J102.7的规定。
SBS00294,螺杆,42CrMo（表面镀镉）,CP05T3035,GB/T 196-2003,RCC-M 3,QA2,M33,M,6.1,Kg,镀镉层采用GB/T 13346中Cd25/C或Cd25/D，同时满足Q/CNPE.J102.7的规定。
SBS00295,螺杆 L=280mm,42CrMo（表面镀镉）,CP05T3035,GB/T 196-2003,RCC-M 3,QA2,M33,M,6.1,Kg,
SBW00228,绝缘垫片,硬质环氧树脂,GB/T 1303.4-2009,SY/T 0516-2016,NA,QNCa,16,个,,Kg,"公称直径一栏的尺寸为螺柱的尺寸，法兰公称直径为DN80,（厚度4mm）"
SBW00229,绝缘垫片,硬质环氧树脂,GB/T 1303.4-2009,SY/T 0516-2016,NA,QNCa,24,个,,Kg,"公称直径一栏的尺寸为螺柱的尺寸，法兰公称直径为DN250,（厚度4mm）"
SBW00230,绝缘垫片,硬质环氧树脂,GB/T 1303.4-2009,SY/T 0516-2016,NA,QNCa,33,个,,Kg,"公称直径一栏的尺寸为螺柱的尺寸，法兰公称直径为DN750,（厚度4mm）"
SBW00231,绝缘垫片,硬质环氧树脂,GB/T 1303.4-2009,SY/T 0516-2016,NA,QNCa,39,个,,Kg,"公称直径一栏的尺寸为螺柱的尺寸，法兰公称直径为DN900(DN1200),（厚度4mm）"
SBW00232,平垫圈 A级,06Cr19Ni10,,GB/T 97.1-2002,NA,QNCa,24,个,,Kg,
SBW00233,平垫圈 A级,06Cr19Ni10,,GB/T 97.1-2002,NA,QNCa,33,个,,Kg,
SBW00234,平垫圈 A级,06Cr19Ni10,,GB/T 97.1-2002,NA,QNCa,39,个,,Kg,
SBS00296,六角头螺栓,8.8级,CP05T3040,GB/T 5782-2016,S1,QA3,HM30x330,个,,Kg,
SBS60008,螺杆 L=340mm,42CrMo,CP05T3040,GB/T 196-2003,S1,QA3,M22,M,2.42,Kg,
SBS00297,螺杆,06Cr15Ni25Ti2MoAlVB,CP05T3035,GB/T 196-2003,RCC-M 2,QA1,M22,M,2.42,Kg,
SBN00418,1型六角螺母,12Cr13,CP05T3035,GB/T 6170-2015,RCC-M 2,QA1,M22,个,,Kg,
SBW00235,双耳止动垫圈,06Cr19Ni10,,GB 855-1988,NA,QNCa,22,个,,Kg,
SBS00298,螺杆,06Cr15Ni25Ti2MoAlVB,CP05T3030,GB/T 196-2003,NA,QNC,M14,M,1,Kg,
SBS00299,螺杆, 42CrMo,CP05T3030,GB/T 196-2003,NA,QNC,M16,M,1.3,Kg,
SBS00300,螺杆, 42CrMo,CP05T3030,GB/T 196-2003,NA,QNC,M14,M,1,Kg,
SBS00301,螺杆, 42CrMo,CP05T3030,GB/T 196-2003,NA,QNC,M12,M,0.712,Kg,
SBW00236,双耳止动垫圈,06Cr19Ni10,,GB 855-1988, RCC-M 3,QA2,33,个,,Kg,
SBW00237,双耳止动垫圈,06Cr19Ni10,,GB 855-1988, RCC-M 3,QA2,20,个,,Kg,
SBW00238,双耳止动垫圈,06Cr19Ni10,,GB 855-1988, RCC-M 3,QA2,16,个,,Kg,
SBW00239,双耳止动垫圈,06Cr19Ni10,,GB 855-1988, RCC-M 3,QA2,14,个,,Kg,
SBW00240,双耳止动垫圈,06Cr19Ni10,,GB 855-1988,NA,QNC,12,个,,Kg,
SBN00419,1型六角螺母,45,CP05T3030,GB/T 6170-2015,NA,QNC,M12,个,,Kg,
SBW00241,平垫圈 C级,06Cr19Ni10,CP05T3030,GB/T 95-2002,NA,QNCa,30,个,,Kg,
SBS00302,六角头螺栓,5.6级,CP05T3030,GB/T 5782-2016,NA,QNCa,M30x80,个,,Kg,
